{
    "__comment": "JimStoneCraft - 2020",
    "variants": {
        "facing=east,honey_level=0": { "model": "minecraft:block/beehive", "y": 90 },
        "facing=east,honey_level=1": { "model": "minecraft:block/beehive1", "y": 90 },
        "facing=east,honey_level=2": { "model": "minecraft:block/beehive2", "y": 90 },
        "facing=east,honey_level=3": { "model": "minecraft:block/beehive3", "y": 90 },
        "facing=east,honey_level=4": { "model": "minecraft:block/beehive4", "y": 90 },
        "facing=east,honey_level=5": { "model": "minecraft:block/beehive5", "y": 90 },
        "facing=north,honey_level=0": { "model": "minecraft:block/beehive" },
        "facing=north,honey_level=1": { "model": "minecraft:block/beehive1" },
        "facing=north,honey_level=2": { "model": "minecraft:block/beehive2" },
        "facing=north,honey_level=3": { "model": "minecraft:block/beehive3" },
        "facing=north,honey_level=4": { "model": "minecraft:block/beehive4" },
        "facing=north,honey_level=5": { "model": "minecraft:block/beehive5" },
        "facing=south,honey_level=0": { "model": "minecraft:block/beehive", "y": 180 },
        "facing=south,honey_level=1": { "model": "minecraft:block/beehive1", "y": 180 },
        "facing=south,honey_level=2": { "model": "minecraft:block/beehive2", "y": 180 },
        "facing=south,honey_level=3": { "model": "minecraft:block/beehive3", "y": 180 },
        "facing=south,honey_level=4": { "model": "minecraft:block/beehive4", "y": 180 },
        "facing=south,honey_level=5": { "model": "minecraft:block/beehive5", "y": 180 },
        "facing=west,honey_level=0": { "model": "minecraft:block/beehive", "y": 270 },
        "facing=west,honey_level=1": { "model": "minecraft:block/beehive1", "y": 270 },
        "facing=west,honey_level=2": { "model": "minecraft:block/beehive2", "y": 270 },
        "facing=west,honey_level=3": { "model": "minecraft:block/beehive3", "y": 270 },
        "facing=west,honey_level=4": { "model": "minecraft:block/beehive4", "y": 270 },
        "facing=west,honey_level=5": { "model": "minecraft:block/beehive5", "y": 270 }
    }
}
