{
    "__comment": "JimStoneCraft - 2020",
    "variants": {
        "facing=south,lit=true": [
        { "model": "minecraft:block/soul_campfire" },
        { "model": "minecraft:block/soul_campfire1" },
        { "model": "minecraft:block/soul_campfire2" },
        { "model": "minecraft:block/soul_campfire3" }
        ],
        "facing=west,lit=true": [
        { "model": "minecraft:block/soul_campfire", "y": 90 },
        { "model": "minecraft:block/soul_campfire1", "y": 90 },
        { "model": "minecraft:block/soul_campfire2", "y": 90 },
        { "model": "minecraft:block/soul_campfire3", "y": 90 }
        ],
        "facing=north,lit=true": [
        { "model": "minecraft:block/soul_campfire", "y": 180 },
        { "model": "minecraft:block/soul_campfire1", "y": 180 },
        { "model": "minecraft:block/soul_campfire2", "y": 180 },
        { "model": "minecraft:block/soul_campfire3", "y": 180 }
        ],
        "facing=east,lit=true": [
        { "model": "minecraft:block/soul_campfire", "y": 270 },
        { "model": "minecraft:block/soul_campfire1", "y": 270 },
        { "model": "minecraft:block/soul_campfire2", "y": 270 },
        { "model": "minecraft:block/soul_campfire3", "y": 270 }
        ],
        "facing=south,lit=false": { "model": "minecraft:block/campfire_off" },
        "facing=west,lit=false": { "model": "minecraft:block/campfire_off", "y": 90 },
        "facing=north,lit=false": { "model": "minecraft:block/campfire_off", "y": 180 },
        "facing=east,lit=false": { "model": "minecraft:block/campfire_off", "y": 270 }
    }
}
